state,resolved_loans,charged_off,chargeoff_pct
FL,64880,15480,23.9
NV,10928,2485,22.7
GA,34643,7018,20.3
DC,2398,469,19.6
IL,44183,8653,19.6
AL,10391,1969,18.9
TN,13778,2586,18.8
NJ,38864,7027,18.1
WV,4781,849,17.8
NY,87893,15589,17.7
LA,13109,2317,17.7
AZ,27772,4908,17.7
VA,19973,3509,17.6
TX,108570,19127,17.6
AR,9267,1619,17.5
SC,9509,1626,17.1
CA,180138,30869,17.1
MD,20315,3467,17.1
KY,11699,1967,16.8
NC,22970,3645,15.9
OK,14051,2216,15.8
MO,27540,4343,15.8
DE,3579,561,15.7
MI,39904,6214,15.6
CO,31784,4923,15.5
MS,11780,1772,15.0
IN,24058,3475,14.4
UT,27288,3843,14.1
CT,18365,2573,14.0
KS,14225,1935,13.6
PA,51710,6983,13.5
IA,14311,1912,13.4
OH,58188,7630,13.1
HI,6161,769,12.5
OR,17741,2208,12.4
ID,13591,1692,12.4
NM,7905,971,12.3
WA,35457,4368,12.3
PR,15635,1842,11.8
MN,37038,4267,11.5
WI,32553,3700,11.4
RI,11975,1340,11.2
NE,9356,1032,11.0
MA,42177,4615,10.9
NH,15671,1665,10.6
SD,5057,510,10.1
ME,8677,843,9.7
WY,3584,335,9.3
VT,7006,630,9.0
AK,3166,282,8.9
ND,6258,541,8.6
MT,10456,802,7.7
