brand,resolved_loans,charged_off,chargeoff_pct
Matco Tools,632,220,34.8
Cold Stone Creamery,822,279,33.9
Blimpie,521,160,30.7
Quiznos,2210,620,28.1
Fantastic Sams,434,97,22.4
Curves for Women,419,79,18.9
Baskin-Robbins,430,75,17.4
Ace Hardware,575,77,13.4
Mail Boxes Etc,1110,135,12.2
Anytime Fitness,801,94,11.7
Super 8 Motel,518,60,11.6
Days Inn,724,81,11.2
Firehouse Subs,458,51,11.1
Dairy Queen,1018,109,10.7
Dominos Pizza,738,79,10.7
Massage Envy,472,40,8.5
Dunkin Donuts,961,75,7.8
The UPS Store,618,42,6.8
Servpro,567,37,6.5
Subway Sandwich Shop,4028,245,6.1
Jimmy Johns,759,45,5.9
Great Clips,514,27,5.3
Sports Clips,444,20,4.5
