industry,resolved_loans,charged_off,chargeoff_pct
Offices of Real Estate Agents and Brokers,5681,1632,28.7
New Single-Family Housing Construction,6855,1715,25.0
Administrative and General Management Consulting,5931,1447,24.4
All Other Miscellaneous Store Retailers,9026,2067,22.9
Gift Novelty and Souvenir Stores,7404,1691,22.8
All Other Specialty Food Stores,5083,1146,22.5
Residential Remodelers,11678,2593,22.2
Janitorial Services,6464,1415,21.9
Snack and Nonalcoholic Beverage Bars,8797,1848,21.0
Supermarkets and Other Grocery Stores,9322,1882,20.2
Other Personal Care Services,6440,1291,20.0
Sporting Goods Stores,8468,1691,20.0
All Other Personal Services,7626,1507,19.8
Limited-Service Restaurants,39584,7713,19.5
Drycleaning and Laundry Services,11081,2134,19.3
Full-Service Restaurants,55748,10337,18.5
General Freight Trucking Local,13180,2379,18.1
Beauty Salons,17154,3069,17.9
Fitness and Recreational Sports Centers,14468,2525,17.5
All Other Specialty Trade Contractors,12776,2091,16.4
